feature,importance
customers,0.7919268896738956
dish_Dosa,0.1318667374390117
dish_Paneer Butter Masala,0.04279544042351453
dish_Burger,0.02225950964427505
dish_Pizza,0.006748767955760628
unexpected_surge,0.004166369074483082
day_type_Weekend,0.0002134737517213397
is_festival,2.2812037338259042e-05
